{"timestamp": "2025-10-04T05:00:34.430391", "imu": {"accel": {"x": -1.399592, "y": 0.031914, "z": 8.785583}, "gyro": {"x": 0.008865, "y": -0.068184, "z": -0.039561}, "mag": {"x": 5.686834, "y": 73.683258, "z": -12.302309}}, "sensor_fusion": {"pitch": 83.29, "roll": -27.2, "yaw": 11.89}, "device": {"battery": 4.19, "temp": 33.1, "rssi": -38}}